pH,mean % of flagellated Chlamydomonas reinhardtii
7,81.25
7,47.24192277
7,66.33838384
5.5,36.53846154
5.5,39.54901961
5.5,32.69779045
4,39.74358975
4,26.66397741
4,14.72653363